{"project_info":{"project_id":"dominando-android2","project_number":"923978093091","name":"dominando-android2"},"client":[{"client_info":{"mobilesdk_app_id":"1:923978093091:android:7594fe2301977e8c","client_id":"android:dominando.android.hotel","client_type":1,"android_client_info":{"package_name":"dominando.android.hotel"}},"oauth_client":[],"api_key":[],"services":{"analytics_service":{"status":1},"cloud_messaging_service":{"status":2,"apns_config":[]},"appinvite_service":{"status":1,"other_platform_oauth_client":[]},"google_signin_service":{"status":1},"ads_service":{"status":2,"test_banner_ad_unit_id":"ca-app-pub-3940256099942544/6300978111","test_interstitial_ad_unit_id":"ca-app-pub-3940256099942544/1033173712"}}}],"client_info":[],"ARTIFACT_VERSION":"1"}